country,ctrycode,survey_responses,dejure_score,defacto_score,refconvention,refconvention_res,refconvention_res_detail,protocol,protocol_res,icescr,icescr_res,icescr_res_detail,a1_workpermit,a1_workpermit_,a2_workpermit_enforcement,a2_workpermit_enforcement_,a3_workpermit_fiveyrchg,a3_workpermit_fiveyrchg_,b1_businesspermit,b1_businesspermit_,b2_businesspermit_enforcement,b2_businesspermit_enforcement_,b3_businesspermit_fiveyrchg,b3_businesspermit_fiveyrchg_,c1_domestictravel,c1_domestictravel_,c2_choiceofresidence,c2_choiceofresidence_,c3_movement_fiveyrchg,c3_movement_fiveyrchg_,d1_recourse_workviolation,d1_recourse_workviolation_,e1_1_primaryeduc,e1_1_primaryeduc_,e1_2_secondaryeduc,e1_2_secondaryeduc_,e1_3_tertiaryeduc,e1_3_tertiaryeduc_,e1_4_healthcare,e1_4_healthcare_,e2_1_acquireofficialdocs,e2_1_acquireofficialdocs_,e2_2_credvalidation,e2_2_credvalidation_,e3_formalfinservcs,e3_formalfinservcs_,work_index,wageemp_index,selfemp_index,move_index
Argentina,ARG,3,5,4,1,0,,1,0,1,0,,3,"Some refugees have work permits, but they are unaffordable for many, the wait time is substantial, and/or the sectors are limited.",3,"Documentation status of employees is sometimes checked by government authorities, and expected punishments are moderate.",-1,The situation has worsened for refugees.,4,The situation is between 3 and 5.,4,The situation is between 3 and 5.,-1,The situation has worsened for refugees.,5,Refugees travel freely in practice without interference from the government.,4,The situation is between 3 and 5.,0,The situation is the same for refugees.,3,"Recourse for workplace violations is available, but bureaucratic or practical barriers prevent many refugees from accessing it (i.e. waiting times, fear of deportation).",4,The situation is between 3 and 5.,4,The situation is between 3 and 5.,3,"More difficult to access for refugees than for citizens, but available to refugees",3,"More difficult to access for refugees than for citizens, but available to refugees",3,Neutral,3,Neutral,1,"Easy to obtain for citizens, but rarely accessible to refugees.",3.5,3,4,4.5
Australia,AUS,3,3,4,1,0,,1,0,1,0,,4,The situation is between 3 and 5.,3,"Documentation status of employees is sometimes checked by government authorities, and expected punishments are moderate.",0,The situation is the same for refugees.,4,The situation is between 3 and 5.,2,The situation is between 1 and 3.,0,The situation is the same for refugees.,4,The situation is between 3 and 5.,3,"Some refugees can live wherever citizens live, while other refugees are restricted in practice.",-1,The situation has worsened for refugees.,3,"Recourse for workplace violations is available, but bureaucratic or practical barriers prevent many refugees from accessing it (i.e. waiting times, fear of deportation).",5,Equally accessible for refugees and citizens in practice.,5,Equally accessible for refugees and citizens in practice.,3,"More difficult to access for refugees than for citizens, but available to refugees",3,"More difficult to access for refugees than for citizens, but available to refugees",4,The situation is between 3 and 5.,3,Neutral,4,The situation is between 3 and 5.,4,4,4,3.5
Austria,AUT,3,4,4,1,0,,1,0,1,0,,4,The situation is between 3 and 5.,3,"Documentation status of employees is sometimes checked by government authorities, and expected punishments are moderate.",0,The situation is the same for refugees.,4,The situation is between 3 and 5.,3,"Registration status of small businesses is sometimes checked by authorities, or checked only in some places, and expected punishments are moderate.",0,The situation is the same for refugees.,4,The situation is between 3 and 5.,3,"Some refugees can live wherever citizens live, while other refugees are restricted in practice.",0,The situation is the same for refugees.,5,"Yes, refugees can access recourse for workplace violations regardless of legal status.",5,Equally accessible for refugees and citizens in practice.,4,The situation is between 3 and 5.,3,"More difficult to access for refugees than for citizens, but available to refugees",5,Equally accessible for refugees and citizens in practice.,5,Very Easily,3,Neutral,3,"More difficult to access for refugees than for citizens, but available to refugees",4,4,4,3.5
Bangladesh,BGD,5,1,2,0,,,0,,1,1,"7, 8",1,Formal work authorization is rarely given for refugees.,3,"Documentation status of employees is sometimes checked by government authorities, and expected punishments are moderate.",0,The situation is the same for refugees.,1,"Business permits are easy to obtain for citizens but rarely, if ever, given to refugees.",2,The situation is between 1 and 3.,-1,The situation has worsened for refugees.,3,"Refugees travel, but they are regularly harassed and occasionally arrested by authorities when outside their residence. Alternatively, some refugees travel freely, while others have their movements restricted by camp boundaries, checkpoints by authorities, etc.",1,Refugees cannot live outside of a few designated areas.,-1,The situation has worsened for refugees.,1,"No, refugees cannot access recourse for workplace violations.",1,"Easy to obtain for citizens, but rarely accessible to refugees.",1,"Easy to obtain for citizens, but rarely accessible to refugees.",1,"Easy to obtain for citizens, but rarely accessible to refugees.",3,"More difficult to access for refugees than for citizens, but available to refugees",2,The situation is between 1 and 3.,1,Very Difficult,1,"Easy to obtain for citizens, but rarely accessible to refugees.",1.5,2,1,2
Brazil,BRA,3,5,4,1,0,,1,0,1,0,,5,Work permits are readily available for all sectors or not necessary for refugees.,3,"Documentation status of employees is sometimes checked by government authorities, and expected punishments are moderate.",-1,The situation has worsened for refugees.,4,The situation is between 3 and 5.,5,Registration status of small businesses is rarely checked by authorities.,0,The situation is the same for refugees.,5,Refugees travel freely in practice without interference from the government.,5,"Refugees can live wherever citizens live in practice, and assistance does not depend on place of residence.",0,The situation is the same for refugees.,3,"Recourse for workplace violations is available, but bureaucratic or practical barriers prevent many refugees from accessing it (i.e. waiting times, fear of deportation).",3,"More difficult to access for refugees than for citizens, but available to refugees",3,"More difficult to access for refugees than for citizens, but available to refugees",3,"More difficult to access for refugees than for citizens, but available to refugees",4,The situation is between 3 and 5.,2,The situation is between 1 and 3.,2,The situation is between 1 and 3.,3,"More difficult to access for refugees than for citizens, but available to refugees",4.5,5,4,5
Bulgaria,BGR,3,4,4,1,0,,1,0,1,0,,5,Work permits are readily available for all sectors or not necessary for refugees.,3,"Documentation status of employees is sometimes checked by government authorities, and expected punishments are moderate.",1,The situation has improved for refugees.,4,The situation is between 3 and 5.,2,The situation is between 1 and 3.,0,The situation is the same for refugees.,4,The situation is between 3 and 5.,4,The situation is between 3 and 5.,-1,The situation has worsened for refugees.,3,"Recourse for workplace violations is available, but bureaucratic or practical barriers prevent many refugees from accessing it (i.e. waiting times, fear of deportation).",5,Equally accessible for refugees and citizens in practice.,5,Equally accessible for refugees and citizens in practice.,4,The situation is between 3 and 5.,5,Equally accessible for refugees and citizens in practice.,3,Neutral,3,Neutral,1,"Easy to obtain for citizens, but rarely accessible to refugees.",4.5,5,4,4
Burkina Faso,BFA,1,4,3,1,0,,1,0,1,0,,4,The situation is between 3 and 5.,4,The situation is between 3 and 5.,,,3,"Refugees are able to get business permits, but they are more difficult to acquire for refugees than for citizens due to higher fees, longer wait times, sector limitations, etc.",4,The situation is between 3 and 5.,,,2,The situation is between 1 and 3.,2,The situation is between 1 and 3.,,,2,problem to fix,4,The situation is between 3 and 5.,2,The situation is between 1 and 3.,2,The situation is between 1 and 3.,3,"More difficult to access for refugees than for citizens, but available to refugees",3,Neutral,,,4,The situation is between 3 and 5.,3.5,4,3,2
Burundi,BDI,5,4,3,1,0,,1,0,1,0,,2,The situation is between 1 and 3.,3,"Documentation status of employees is sometimes checked by government authorities, and expected punishments are moderate.",0,The situation is the same for refugees.,4,The situation is between 3 and 5.,4,The situation is between 3 and 5.,0,The situation is the same for refugees.,3,"Refugees travel, but they are regularly harassed and occasionally arrested by authorities when outside their residence. Alternatively, some refugees travel freely, while others have their movements restricted by camp boundaries, checkpoints by authorities, etc.",3,"Some refugees can live wherever citizens live, while other refugees are restricted in practice.",,,5,"Yes, refugees can access recourse for workplace violations regardless of legal status.",5,Equally accessible for refugees and citizens in practice.,4,The situation is between 3 and 5.,3,"More difficult to access for refugees than for citizens, but available to refugees",4,The situation is between 3 and 5.,5,Very Easily,2,The situation is between 1 and 3.,5,Equally accessible for refugees and citizens in practice.,3,2,4,3
Cameroon,CMR,3,4,3,1,0,,1,0,1,0,,2,The situation is between 1 and 3.,3,"Documentation status of employees is sometimes checked by government authorities, and expected punishments are moderate.",1,The situation has improved for refugees.,2,The situation is between 1 and 3.,4,The situation is between 3 and 5.,,,3,"Refugees travel, but they are regularly harassed and occasionally arrested by authorities when outside their residence. Alternatively, some refugees travel freely, while others have their movements restricted by camp boundaries, checkpoints by authorities, etc.",3,"Some refugees can live wherever citizens live, while other refugees are restricted in practice.",1,The situation has improved for refugees.,3,"Recourse for workplace violations is available, but bureaucratic or practical barriers prevent many refugees from accessing it (i.e. waiting times, fear of deportation).",4,The situation is between 3 and 5.,4,The situation is between 3 and 5.,4,The situation is between 3 and 5.,4,The situation is between 3 and 5.,1,Very Difficult,1,Very Difficult,2,The situation is between 1 and 3.,2.5,2,3,3
Chad,TCD,8,5,3,1,0,,1,0,1,0,,1,Formal work authorization is rarely given for refugees.,4,The situation is between 3 and 5.,0,The situation is the same for refugees.,3,"Refugees are able to get business permits, but they are more difficult to acquire for refugees than for citizens due to higher fees, longer wait times, sector limitations, etc.",4,The situation is between 3 and 5.,0,The situation is the same for refugees.,3,"Refugees travel, but they are regularly harassed and occasionally arrested by authorities when outside their residence. Alternatively, some refugees travel freely, while others have their movements restricted by camp boundaries, checkpoints by authorities, etc.",3,"Some refugees can live wherever citizens live, while other refugees are restricted in practice.",1,The situation has improved for refugees.,5,"Yes, refugees can access recourse for workplace violations regardless of legal status.",5,Equally accessible for refugees and citizens in practice.,5,Equally accessible for refugees and citizens in practice.,3,"More difficult to access for refugees than for citizens, but available to refugees",5,Equally accessible for refugees and citizens in practice.,3,Neutral,4,The situation is between 3 and 5.,1,"Easy to obtain for citizens, but rarely accessible to refugees.",3,3,3,3
Chile,CHL,5,4,4,1,1,17,1,0,1,0,,3,"Some refugees have work permits, but they are unaffordable for many, the wait time is substantial, and/or the sectors are limited.",3,"Documentation status of employees is sometimes checked by government authorities, and expected punishments are moderate.",-1,The situation has worsened for refugees.,4,The situation is between 3 and 5.,3,"Registration status of small businesses is sometimes checked by authorities, or checked only in some places, and expected punishments are moderate.",0,The situation is the same for refugees.,5,Refugees travel freely in practice without interference from the government.,5,"Refugees can live wherever citizens live in practice, and assistance does not depend on place of residence.",-1,The situation has worsened for refugees.,5,"Yes, refugees can access recourse for workplace violations regardless of legal status.",5,Equally accessible for refugees and citizens in practice.,5,Equally accessible for refugees and citizens in practice.,3,"More difficult to access for refugees than for citizens, but available to refugees",5,Equally accessible for refugees and citizens in practice.,,,2,The situation is between 1 and 3.,3,"More difficult to access for refugees than for citizens, but available to refugees",3.5,3,4,5
Colombia,COL,6,4,4,1,0,,1,0,1,0,,3,"Some refugees have work permits, but they are unaffordable for many, the wait time is substantial, and/or the sectors are limited.",4,The situation is between 3 and 5.,1,The situation has improved for refugees.,3,"Refugees are able to get business permits, but they are more difficult to acquire for refugees than for citizens due to higher fees, longer wait times, sector limitations, etc.",3,"Registration status of small businesses is sometimes checked by authorities, or checked only in some places, and expected punishments are moderate.",1,The situation has improved for refugees.,4,The situation is between 3 and 5.,4,The situation is between 3 and 5.,-1,The situation has worsened for refugees.,5,"Yes, refugees can access recourse for workplace violations regardless of legal status.",4,The situation is between 3 and 5.,4,The situation is between 3 and 5.,3,"More difficult to access for refugees than for citizens, but available to refugees",3,"More difficult to access for refugees than for citizens, but available to refugees",2,The situation is between 1 and 3.,1,Very Difficult,3,"More difficult to access for refugees than for citizens, but available to refugees",3,3,3,4
Congo,COG,,3,2,1,0,,1,1,1,1,13,1,Formal work authorization is rarely given for refugees.,1,"Documentation status of employees is often checked by government authorities, and expected punishments are a significant deterrent.",,,1,"Business permits are easy to obtain for citizens but rarely, if ever, given to refugees.",3,"Registration status of small businesses is sometimes checked by authorities, or checked only in some places, and expected punishments are moderate.",,,3,"Refugees travel, but they are regularly harassed and occasionally arrested by authorities when outside their residence. Alternatively, some refugees travel freely, while others have their movements restricted by camp boundaries, checkpoints by authorities, etc.",4,The situation is between 3 and 5.,,,1,"No, refugees cannot access recourse for workplace violations.",3,"More difficult to access for refugees than for citizens, but available to refugees",2,The situation is between 1 and 3.,2,The situation is between 1 and 3.,4,The situation is between 3 and 5.,2,The situation is between 1 and 3.,1,Very Difficult,2,The situation is between 1 and 3.,1,1,1,3.5
Costa Rica,CRI,3,4,4,1,0,,1,0,1,0,,4,The situation is between 3 and 5.,3,"Documentation status of employees is sometimes checked by government authorities, and expected punishments are moderate.",-1,The situation has worsened for refugees.,4,The situation is between 3 and 5.,3,"Registration status of small businesses is sometimes checked by authorities, or checked only in some places, and expected punishments are moderate.",,,5,Refugees travel freely in practice without interference from the government.,5,"Refugees can live wherever citizens live in practice, and assistance does not depend on place of residence.",0,The situation is the same for refugees.,5,"Yes, refugees can access recourse for workplace violations regardless of legal status.",5,Equally accessible for refugees and citizens in practice.,5,Equally accessible for refugees and citizens in practice.,3,"More difficult to access for refugees than for citizens, but available to refugees",4,The situation is between 3 and 5.,3,Neutral,2,The situation is between 1 and 3.,3,"More difficult to access for refugees than for citizens, but available to refugees",4,4,4,5
Democratic Republic of Congo,COD,3,4,3,1,0,,1,0,1,0,,3,"Some refugees have work permits, but they are unaffordable for many, the wait time is substantial, and/or the sectors are limited.",4,The situation is between 3 and 5.,0,The situation is the same for refugees.,3,"Refugees are able to get business permits, but they are more difficult to acquire for refugees than for citizens due to higher fees, longer wait times, sector limitations, etc.",5,Registration status of small businesses is rarely checked by authorities.,0,The situation is the same for refugees.,4,The situation is between 3 and 5.,3,"Some refugees can live wherever citizens live, while other refugees are restricted in practice.",0,The situation is the same for refugees.,3,"Recourse for workplace violations is available, but bureaucratic or practical barriers prevent many refugees from accessing it (i.e. waiting times, fear of deportation).",4,The situation is between 3 and 5.,3,"More difficult to access for refugees than for citizens, but available to refugees",2,The situation is between 1 and 3.,3,"More difficult to access for refugees than for citizens, but available to refugees",4,The situation is between 3 and 5.,2,The situation is between 1 and 3.,3,"More difficult to access for refugees than for citizens, but available to refugees",3.5,3,4,3.5
Denmark,DNK,3,3,4,1,1,17,1,0,1,1,7,4,The situation is between 3 and 5.,1,"Documentation status of employees is often checked by government authorities, and expected punishments are a significant deterrent.",0,The situation is the same for refugees.,4,The situation is between 3 and 5.,1,"Registration status of small businesses is often checked by authorities throughout the country (including in camps, if applicable), and expected punishments are a significant deterrent.",0,The situation is the same for refugees.,5,Refugees travel freely in practice without interference from the government.,4,The situation is between 3 and 5.,0,The situation is the same for refugees.,5,"Yes, refugees can access recourse for workplace violations regardless of legal status.",5,Equally accessible for refugees and citizens in practice.,5,Equally accessible for refugees and citizens in practice.,5,Equally accessible for refugees and citizens in practice.,5,Equally accessible for refugees and citizens in practice.,5,Very Easily,4,The situation is between 3 and 5.,4,The situation is between 3 and 5.,4,4,4,4.5
Djibouti,DJI,,5,4,1,0,,1,0,1,0,,4,The situation is between 3 and 5.,4,The situation is between 3 and 5.,,,4,The situation is between 3 and 5.,3,"Registration status of small businesses is sometimes checked by authorities, or checked only in some places, and expected punishments are moderate.",,,4,The situation is between 3 and 5.,3,"Some refugees can live wherever citizens live, while other refugees are restricted in practice.",,,3,"Recourse for workplace violations is available, but bureaucratic or practical barriers prevent many refugees from accessing it (i.e. waiting times, fear of deportation).",5,Equally accessible for refugees and citizens in practice.,4,The situation is between 3 and 5.,2,The situation is between 1 and 3.,4,The situation is between 3 and 5.,3,Neutral,,,4,The situation is between 3 and 5.,4,4,4,3.5
Ecuador,ECU,12,5,3,1,0,,1,0,1,0,,3,"Some refugees have work permits, but they are unaffordable for many, the wait time is substantial, and/or the sectors are limited.",4,The situation is between 3 and 5.,-1,The situation has worsened for refugees.,3,"Refugees are able to get business permits, but they are more difficult to acquire for refugees than for citizens due to higher fees, longer wait times, sector limitations, etc.",3,"Registration status of small businesses is sometimes checked by authorities, or checked only in some places, and expected punishments are moderate.",0,The situation is the same for refugees.,4,The situation is between 3 and 5.,4,The situation is between 3 and 5.,-1,The situation has worsened for refugees.,3,"Recourse for workplace violations is available, but bureaucratic or practical barriers prevent many refugees from accessing it (i.e. waiting times, fear of deportation).",3,"More difficult to access for refugees than for citizens, but available to refugees",3,"More difficult to access for refugees than for citizens, but available to refugees",3,"More difficult to access for refugees than for citizens, but available to refugees",4,The situation is between 3 and 5.,2,The situation is between 1 and 3.,2,The situation is between 1 and 3.,3,"More difficult to access for refugees than for citizens, but available to refugees",3,3,3,4
Egypt,EGY,4,4,3,1,1,24,1,0,1,0,,1,Formal work authorization is rarely given for refugees.,4,The situation is between 3 and 5.,0,The situation is the same for refugees.,1,"Business permits are easy to obtain for citizens but rarely, if ever, given to refugees.",4,The situation is between 3 and 5.,0,The situation is the same for refugees.,3,"Refugees travel, but they are regularly harassed and occasionally arrested by authorities when outside their residence. Alternatively, some refugees travel freely, while others have their movements restricted by camp boundaries, checkpoints by authorities, etc.",5,"Refugees can live wherever citizens live in practice, and assistance does not depend on place of residence.",,,3,"Recourse for workplace violations is available, but bureaucratic or practical barriers prevent many refugees from accessing it (i.e. waiting times, fear of deportation).",2,The situation is between 1 and 3.,2,The situation is between 1 and 3.,2,The situation is between 1 and 3.,3,"More difficult to access for refugees than for citizens, but available to refugees",3,Neutral,2,The situation is between 1 and 3.,2,The situation is between 1 and 3.,3,3,3,4
Ethiopia,ETH,5,4,2,1,1,17,1,0,1,0,,2,The situation is between 1 and 3.,3,"Documentation status of employees is sometimes checked by government authorities, and expected punishments are moderate.",1,The situation has improved for refugees.,1,"Business permits are easy to obtain for citizens but rarely, if ever, given to refugees.",3,"Registration status of small businesses is sometimes checked by authorities, or checked only in some places, and expected punishments are moderate.",0,The situation is the same for refugees.,3,"Refugees travel, but they are regularly harassed and occasionally arrested by authorities when outside their residence. Alternatively, some refugees travel freely, while others have their movements restricted by camp boundaries, checkpoints by authorities, etc.",2,The situation is between 1 and 3.,1,The situation has improved for refugees.,3,"Recourse for workplace violations is available, but bureaucratic or practical barriers prevent many refugees from accessing it (i.e. waiting times, fear of deportation).",5,Equally accessible for refugees and citizens in practice.,4,The situation is between 3 and 5.,3,"More difficult to access for refugees than for citizens, but available to refugees",4,The situation is between 3 and 5.,4,The situation is between 3 and 5.,,,3,"More difficult to access for refugees than for citizens, but available to refugees",2,2,2,2.5
France,FRA,3,4,4,1,1,17,1,0,1,0,,4,The situation is between 3 and 5.,2,The situation is between 1 and 3.,0,The situation is the same for refugees.,4,The situation is between 3 and 5.,2,The situation is between 1 and 3.,0,The situation is the same for refugees.,4,The situation is between 3 and 5.,4,The situation is between 3 and 5.,-1,The situation has worsened for refugees.,5,"Yes, refugees can access recourse for workplace violations regardless of legal status.",5,Equally accessible for refugees and citizens in practice.,4,The situation is between 3 and 5.,4,The situation is between 3 and 5.,4,The situation is between 3 and 5.,4,The situation is between 3 and 5.,3,Neutral,2,The situation is between 1 and 3.,4,4,4,4
Germany,DEU,3,4,4,1,0,,1,0,1,0,,4,The situation is between 3 and 5.,2,The situation is between 1 and 3.,-1,The situation has worsened for refugees.,4,The situation is between 3 and 5.,1,"Registration status of small businesses is often checked by authorities throughout the country (including in camps, if applicable), and expected punishments are a significant deterrent.",1,The situation has improved for refugees.,4,The situation is between 3 and 5.,3,"Some refugees can live wherever citizens live, while other refugees are restricted in practice.",-1,The situation has worsened for refugees.,3,"Recourse for workplace violations is available, but bureaucratic or practical barriers prevent many refugees from accessing it (i.e. waiting times, fear of deportation).",3,"More difficult to access for refugees than for citizens, but available to refugees",3,"More difficult to access for refugees than for citizens, but available to refugees",3,"More difficult to access for refugees than for citizens, but available to refugees",3,"More difficult to access for refugees than for citizens, but available to refugees",3,Neutral,3,Neutral,3,"More difficult to access for refugees than for citizens, but available to refugees",4,4,4,3.5
Greece,GRC,6,3,3,1,1,26,1,0,1,0,,4,The situation is between 3 and 5.,3,"Documentation status of employees is sometimes checked by government authorities, and expected punishments are moderate.",0,The situation is the same for refugees.,3,"Refugees are able to get business permits, but they are more difficult to acquire for refugees than for citizens due to higher fees, longer wait times, sector limitations, etc.",1,"Registration status of small businesses is often checked by authorities throughout the country (including in camps, if applicable), and expected punishments are a significant deterrent.",1,The situation has improved for refugees.,3,"Refugees travel, but they are regularly harassed and occasionally arrested by authorities when outside their residence. Alternatively, some refugees travel freely, while others have their movements restricted by camp boundaries, checkpoints by authorities, etc.",3,"Some refugees can live wherever citizens live, while other refugees are restricted in practice.",-1,The situation has worsened for refugees.,3,"Recourse for workplace violations is available, but bureaucratic or practical barriers prevent many refugees from accessing it (i.e. waiting times, fear of deportation).",3,"More difficult to access for refugees than for citizens, but available to refugees",3,"More difficult to access for refugees than for citizens, but available to refugees",2,The situation is between 1 and 3.,2,The situation is between 1 and 3.,3,Neutral,1,Very Difficult,3,"More difficult to access for refugees than for citizens, but available to refugees",3.5,4,3,3
Guyana,GUY,3,1,3,0,,,0,,1,0,,3,"Some refugees have work permits, but they are unaffordable for many, the wait time is substantial, and/or the sectors are limited.",3,"Documentation status of employees is sometimes checked by government authorities, and expected punishments are moderate.",0,The situation is the same for refugees.,3,"Refugees are able to get business permits, but they are more difficult to acquire for refugees than for citizens due to higher fees, longer wait times, sector limitations, etc.",2,The situation is between 1 and 3.,0,The situation is the same for refugees.,4,The situation is between 3 and 5.,4,The situation is between 3 and 5.,0,The situation is the same for refugees.,3,"Recourse for workplace violations is available, but bureaucratic or practical barriers prevent many refugees from accessing it (i.e. waiting times, fear of deportation).",3,"More difficult to access for refugees than for citizens, but available to refugees",3,"More difficult to access for refugees than for citizens, but available to refugees",,,3,"More difficult to access for refugees than for citizens, but available to refugees",2,The situation is between 1 and 3.,2,The situation is between 1 and 3.,1,"Easy to obtain for citizens, but rarely accessible to refugees.",3,3,3,4
Hong Kong,HKG,5,1,2,0,,,0,,1,1,"6, 8",1,Formal work authorization is rarely given for refugees.,1,"Documentation status of employees is often checked by government authorities, and expected punishments are a significant deterrent.",1,The situation has improved for refugees.,1,"Business permits are easy to obtain for citizens but rarely, if ever, given to refugees.",1,"Registration status of small businesses is often checked by authorities throughout the country (including in camps, if applicable), and expected punishments are a significant deterrent.",0,The situation is the same for refugees.,4,The situation is between 3 and 5.,4,The situation is between 3 and 5.,-1,The situation has worsened for refugees.,1,"No, refugees cannot access recourse for workplace violations.",4,The situation is between 3 and 5.,4,The situation is between 3 and 5.,1,"Easy to obtain for citizens, but rarely accessible to refugees.",3,"More difficult to access for refugees than for citizens, but available to refugees",4,The situation is between 3 and 5.,1,Very Difficult,2,The situation is between 1 and 3.,1,1,1,4
Indonesia,IDN,5,1,2,0,,,0,,1,0,,2,The situation is between 1 and 3.,1,"Documentation status of employees is often checked by government authorities, and expected punishments are a significant deterrent.",0,The situation is the same for refugees.,1,"Business permits are easy to obtain for citizens but rarely, if ever, given to refugees.",1,"Registration status of small businesses is often checked by authorities throughout the country (including in camps, if applicable), and expected punishments are a significant deterrent.",0,The situation is the same for refugees.,2,The situation is between 1 and 3.,3,"Some refugees can live wherever citizens live, while other refugees are restricted in practice.",1,The situation has improved for refugees.,1,"No, refugees cannot access recourse for workplace violations.",2,The situation is between 1 and 3.,1,"Easy to obtain for citizens, but rarely accessible to refugees.",1,"Easy to obtain for citizens, but rarely accessible to refugees.",3,"More difficult to access for refugees than for citizens, but available to refugees",1,Very Difficult,1,Very Difficult,1,"Easy to obtain for citizens, but rarely accessible to refugees.",1.5,2,1,2.5
Iran,IRN,3,3,2,1,1,"17, 24, 26",1,0,1,0,,2,The situation is between 1 and 3.,2,The situation is between 1 and 3.,-1,The situation has worsened for refugees.,1,"Business permits are easy to obtain for citizens but rarely, if ever, given to refugees.",2,The situation is between 1 and 3.,-1,The situation has worsened for refugees.,3,"Refugees travel, but they are regularly harassed and occasionally arrested by authorities when outside their residence. Alternatively, some refugees travel freely, while others have their movements restricted by camp boundaries, checkpoints by authorities, etc.",3,"Some refugees can live wherever citizens live, while other refugees are restricted in practice.",0,The situation is the same for refugees.,1,"No, refugees cannot access recourse for workplace violations.",5,Equally accessible for refugees and citizens in practice.,4,The situation is between 3 and 5.,3,"More difficult to access for refugees than for citizens, but available to refugees",3,"More difficult to access for refugees than for citizens, but available to refugees",3,Neutral,3,Neutral,2,The situation is between 1 and 3.,1.5,2,1,3
Iraqi Kurdistan,KRI,5,3,4,0,,,0,,1,0,,4,The situation is between 3 and 5.,3,"Documentation status of employees is sometimes checked by government authorities, and expected punishments are moderate.",,,4,The situation is between 3 and 5.,3,"Registration status of small businesses is sometimes checked by authorities, or checked only in some places, and expected punishments are moderate.",,,4,The situation is between 3 and 5.,5,"Refugees can live wherever citizens live in practice, and assistance does not depend on place of residence.",1,The situation has improved for refugees.,3,"Recourse for workplace violations is available, but bureaucratic or practical barriers prevent many refugees from accessing it (i.e. waiting times, fear of deportation).",5,Equally accessible for refugees and citizens in practice.,5,Equally accessible for refugees and citizens in practice.,5,Equally accessible for refugees and citizens in practice.,5,Equally accessible for refugees and citizens in practice.,,,,,2,The situation is between 1 and 3.,4,4,4,4.5
Israel,ISR,4,3,3,1,0,,1,0,1,0,,4,The situation is between 3 and 5.,3,"Documentation status of employees is sometimes checked by government authorities, and expected punishments are moderate.",-1,The situation has worsened for refugees.,1,"Business permits are easy to obtain for citizens but rarely, if ever, given to refugees.",1,"Registration status of small businesses is often checked by authorities throughout the country (including in camps, if applicable), and expected punishments are a significant deterrent.",0,The situation is the same for refugees.,5,Refugees travel freely in practice without interference from the government.,3,"Some refugees can live wherever citizens live, while other refugees are restricted in practice.",0,The situation is the same for refugees.,5,"Yes, refugees can access recourse for workplace violations regardless of legal status.",4,The situation is between 3 and 5.,4,The situation is between 3 and 5.,1,"Easy to obtain for citizens, but rarely accessible to refugees.",3,"More difficult to access for refugees than for citizens, but available to refugees",3,Neutral,1,Very Difficult,3,"More difficult to access for refugees than for citizens, but available to refugees",2.5,4,1,4
Italy,ITA,3,4,3,1,0,,1,0,1,0,,3,"Some refugees have work permits, but they are unaffordable for many, the wait time is substantial, and/or the sectors are limited.",3,"Documentation status of employees is sometimes checked by government authorities, and expected punishments are moderate.",-1,The situation has worsened for refugees.,2,The situation is between 1 and 3.,2,The situation is between 1 and 3.,,,4,The situation is between 3 and 5.,3,"Some refugees can live wherever citizens live, while other refugees are restricted in practice.",-1,The situation has worsened for refugees.,3,"Recourse for workplace violations is available, but bureaucratic or practical barriers prevent many refugees from accessing it (i.e. waiting times, fear of deportation).",4,The situation is between 3 and 5.,3,"More difficult to access for refugees than for citizens, but available to refugees",3,"More difficult to access for refugees than for citizens, but available to refugees",4,The situation is between 3 and 5.,3,Neutral,1,Very Difficult,3,"More difficult to access for refugees than for citizens, but available to refugees",2.5,3,2,3.5
Jordan,JOR,4,3,3,0,,,0,,1,0,,3,"Some refugees have work permits, but they are unaffordable for many, the wait time is substantial, and/or the sectors are limited.",3,"Documentation status of employees is sometimes checked by government authorities, and expected punishments are moderate.",1,The situation has improved for refugees.,3,"Refugees are able to get business permits, but they are more difficult to acquire for refugees than for citizens due to higher fees, longer wait times, sector limitations, etc.",2,The situation is between 1 and 3.,1,The situation has improved for refugees.,3,"Refugees travel, but they are regularly harassed and occasionally arrested by authorities when outside their residence. Alternatively, some refugees travel freely, while others have their movements restricted by camp boundaries, checkpoints by authorities, etc.",3,"Some refugees can live wherever citizens live, while other refugees are restricted in practice.",1,The situation has improved for refugees.,3,"Recourse for workplace violations is available, but bureaucratic or practical barriers prevent many refugees from accessing it (i.e. waiting times, fear of deportation).",5,Equally accessible for refugees and citizens in practice.,5,Equally accessible for refugees and citizens in practice.,3,"More difficult to access for refugees than for citizens, but available to refugees",2,The situation is between 1 and 3.,4,The situation is between 3 and 5.,2,The situation is between 1 and 3.,2,The situation is between 1 and 3.,3,3,3,3
Kenya,KEN,8,4,2,1,0,,1,0,1,1,10,1,Formal work authorization is rarely given for refugees.,3,"Documentation status of employees is sometimes checked by government authorities, and expected punishments are moderate.",0,The situation is the same for refugees.,3,"Refugees are able to get business permits, but they are more difficult to acquire for refugees than for citizens due to higher fees, longer wait times, sector limitations, etc.",1,"Registration status of small businesses is often checked by authorities throughout the country (including in camps, if applicable), and expected punishments are a significant deterrent.",1,The situation has improved for refugees.,2,The situation is between 1 and 3.,2,The situation is between 1 and 3.,0,The situation is the same for refugees.,3,"Recourse for workplace violations is available, but bureaucratic or practical barriers prevent many refugees from accessing it (i.e. waiting times, fear of deportation).",4,The situation is between 3 and 5.,3,"More difficult to access for refugees than for citizens, but available to refugees",3,"More difficult to access for refugees than for citizens, but available to refugees",4,The situation is between 3 and 5.,3,Neutral,,,3,"More difficult to access for refugees than for citizens, but available to refugees",2.5,2,3,2
Lebanon,LBN,5,3,2,0,,,0,,1,0,,1,Formal work authorization is rarely given for refugees.,1,"Documentation status of employees is often checked by government authorities, and expected punishments are a significant deterrent.",-1,The situation has worsened for refugees.,1,"Business permits are easy to obtain for citizens but rarely, if ever, given to refugees.",1,"Registration status of small businesses is often checked by authorities throughout the country (including in camps, if applicable), and expected punishments are a significant deterrent.",-1,The situation has worsened for refugees.,3,"Refugees travel, but they are regularly harassed and occasionally arrested by authorities when outside their residence. Alternatively, some refugees travel freely, while others have their movements restricted by camp boundaries, checkpoints by authorities, etc.",3,"Some refugees can live wherever citizens live, while other refugees are restricted in practice.",-1,The situation has worsened for refugees.,3,"Recourse for workplace violations is available, but bureaucratic or practical barriers prevent many refugees from accessing it (i.e. waiting times, fear of deportation).",3,"More difficult to access for refugees than for citizens, but available to refugees",3,"More difficult to access for refugees than for citizens, but available to refugees",2,The situation is between 1 and 3.,2,The situation is between 1 and 3.,3,Neutral,3,Neutral,2,The situation is between 1 and 3.,1,1,1,3
Liberia,LBR,,2,2,1,0,,1,0,1,0,,1,Formal work authorization is rarely given for refugees.,3,"Documentation status of employees is sometimes checked by government authorities, and expected punishments are moderate.",,,3,"Refugees are able to get business permits, but they are more difficult to acquire for refugees than for citizens due to higher fees, longer wait times, sector limitations, etc.",3,"Registration status of small businesses is sometimes checked by authorities, or checked only in some places, and expected punishments are moderate.",,,3,"Refugees travel, but they are regularly harassed and occasionally arrested by authorities when outside their residence. Alternatively, some refugees travel freely, while others have their movements restricted by camp boundaries, checkpoints by authorities, etc.",3,"Some refugees can live wherever citizens live, while other refugees are restricted in practice.",,,,,3,"More difficult to access for refugees than for citizens, but available to refugees",2,The situation is between 1 and 3.,1,"Easy to obtain for citizens, but rarely accessible to refugees.",4,The situation is between 3 and 5.,,,1,Very Difficult,,,2,1,3,3
Libya,LBY,3,2,2,0,,,0,,1,0,,2,The situation is between 1 and 3.,4,The situation is between 3 and 5.,-1,The situation has worsened for refugees.,1,"Business permits are easy to obtain for citizens but rarely, if ever, given to refugees.",1,"Registration status of small businesses is often checked by authorities throughout the country (including in camps, if applicable), and expected punishments are a significant deterrent.",0,The situation is the same for refugees.,2,The situation is between 1 and 3.,4,The situation is between 3 and 5.,-1,The situation has worsened for refugees.,1,"No, refugees cannot access recourse for workplace violations.",1,"Easy to obtain for citizens, but rarely accessible to refugees.",1,"Easy to obtain for citizens, but rarely accessible to refugees.",1,"Easy to obtain for citizens, but rarely accessible to refugees.",1,"Easy to obtain for citizens, but rarely accessible to refugees.",1,Very Difficult,1,Very Difficult,1,"Easy to obtain for citizens, but rarely accessible to refugees.",2,3,1,3
Malawi,MWI,5,3,2,1,1,"13, 19, 24",1,0,1,0,,2,The situation is between 1 and 3.,3,"Documentation status of employees is sometimes checked by government authorities, and expected punishments are moderate.",0,The situation is the same for refugees.,3,"Refugees are able to get business permits, but they are more difficult to acquire for refugees than for citizens due to higher fees, longer wait times, sector limitations, etc.",3,"Registration status of small businesses is sometimes checked by authorities, or checked only in some places, and expected punishments are moderate.",-1,The situation has worsened for refugees.,2,The situation is between 1 and 3.,2,The situation is between 1 and 3.,-1,The situation has worsened for refugees.,3,"Recourse for workplace violations is available, but bureaucratic or practical barriers prevent many refugees from accessing it (i.e. waiting times, fear of deportation).",5,Equally accessible for refugees and citizens in practice.,5,Equally accessible for refugees and citizens in practice.,3,"More difficult to access for refugees than for citizens, but available to refugees",5,Equally accessible for refugees and citizens in practice.,3,Neutral,5,Very Easily,4,The situation is between 3 and 5.,2.5,2,3,2
Malaysia,MYS,6,2,2,0,,,0,,0,,,1,Formal work authorization is rarely given for refugees.,1,"Documentation status of employees is often checked by government authorities, and expected punishments are a significant deterrent.",,,1,"Business permits are easy to obtain for citizens but rarely, if ever, given to refugees.",1,"Registration status of small businesses is often checked by authorities throughout the country (including in camps, if applicable), and expected punishments are a significant deterrent.",0,The situation is the same for refugees.,2,The situation is between 1 and 3.,4,The situation is between 3 and 5.,-1,The situation has worsened for refugees.,3,"Recourse for workplace violations is available, but bureaucratic or practical barriers prevent many refugees from accessing it (i.e. waiting times, fear of deportation).",1,"Easy to obtain for citizens, but rarely accessible to refugees.",1,"Easy to obtain for citizens, but rarely accessible to refugees.",1,"Easy to obtain for citizens, but rarely accessible to refugees.",3,"More difficult to access for refugees than for citizens, but available to refugees",,,,,1,"Easy to obtain for citizens, but rarely accessible to refugees.",1,1,1,3
Mauritania,MRT,1,3,2,1,0,,1,0,1,0,,2,The situation is between 1 and 3.,3,"Documentation status of employees is sometimes checked by government authorities, and expected punishments are moderate.",,,3,"Refugees are able to get business permits, but they are more difficult to acquire for refugees than for citizens due to higher fees, longer wait times, sector limitations, etc.",3,"Registration status of small businesses is sometimes checked by authorities, or checked only in some places, and expected punishments are moderate.",0,The situation is the same for refugees.,2,The situation is between 1 and 3.,3,"Some refugees can live wherever citizens live, while other refugees are restricted in practice.",0,The situation is the same for refugees.,1,"No, refugees cannot access recourse for workplace violations.",3,"More difficult to access for refugees than for citizens, but available to refugees",2,The situation is between 1 and 3.,2,The situation is between 1 and 3.,3,"More difficult to access for refugees than for citizens, but available to refugees",2,The situation is between 1 and 3.,1,Very Difficult,2,The situation is between 1 and 3.,2.5,2,3,2.5
Mexico,MEX,6,4,3,1,1,"17, 26",1,0,1,0,,3,"Some refugees have work permits, but they are unaffordable for many, the wait time is substantial, and/or the sectors are limited.",4,The situation is between 3 and 5.,-1,The situation has worsened for refugees.,3,"Refugees are able to get business permits, but they are more difficult to acquire for refugees than for citizens due to higher fees, longer wait times, sector limitations, etc.",3,"Registration status of small businesses is sometimes checked by authorities, or checked only in some places, and expected punishments are moderate.",-1,The situation has worsened for refugees.,3,"Refugees travel, but they are regularly harassed and occasionally arrested by authorities when outside their residence. Alternatively, some refugees travel freely, while others have their movements restricted by camp boundaries, checkpoints by authorities, etc.",3,"Some refugees can live wherever citizens live, while other refugees are restricted in practice.",-1,The situation has worsened for refugees.,3,"Recourse for workplace violations is available, but bureaucratic or practical barriers prevent many refugees from accessing it (i.e. waiting times, fear of deportation).",3,"More difficult to access for refugees than for citizens, but available to refugees",3,"More difficult to access for refugees than for citizens, but available to refugees",3,"More difficult to access for refugees than for citizens, but available to refugees",3,"More difficult to access for refugees than for citizens, but available to refugees",3,Neutral,2,The situation is between 1 and 3.,1,"Easy to obtain for citizens, but rarely accessible to refugees.",3,3,3,3
New Zealand,NZL,3,5,4,1,0,,1,0,1,1,8,4,The situation is between 3 and 5.,3,"Documentation status of employees is sometimes checked by government authorities, and expected punishments are moderate.",,,4,The situation is between 3 and 5.,3,"Registration status of small businesses is sometimes checked by authorities, or checked only in some places, and expected punishments are moderate.",-1,The situation has worsened for refugees.,5,Refugees travel freely in practice without interference from the government.,4,The situation is between 3 and 5.,0,The situation is the same for refugees.,5,"Yes, refugees can access recourse for workplace violations regardless of legal status.",5,Equally accessible for refugees and citizens in practice.,5,Equally accessible for refugees and citizens in practice.,3,"More difficult to access for refugees than for citizens, but available to refugees",4,The situation is between 3 and 5.,5,Very Easily,2,The situation is between 1 and 3.,3,"More difficult to access for refugees than for citizens, but available to refugees",4,4,4,4.5
Niger,NER,1,5,4,1,0,,1,0,1,0,,5,Work permits are readily available for all sectors or not necessary for refugees.,3,"Documentation status of employees is sometimes checked by government authorities, and expected punishments are moderate.",0,The situation is the same for refugees.,5,Business permits are equally attainable for refugees and citizens in practice.,4,The situation is between 3 and 5.,0,The situation is the same for refugees.,4,The situation is between 3 and 5.,4,The situation is between 3 and 5.,,,3,"Recourse for workplace violations is available, but bureaucratic or practical barriers prevent many refugees from accessing it (i.e. waiting times, fear of deportation).",3,"More difficult to access for refugees than for citizens, but available to refugees",3,"More difficult to access for refugees than for citizens, but available to refugees",1,"Easy to obtain for citizens, but rarely accessible to refugees.",4,The situation is between 3 and 5.,3,Neutral,3,Neutral,4,The situation is between 3 and 5.,4.5,4,5,4
North Macedonia,MKD,3,3,3,1,0,,1,0,1,0,,1,Formal work authorization is rarely given for refugees.,1,"Documentation status of employees is often checked by government authorities, and expected punishments are a significant deterrent.",0,The situation is the same for refugees.,3,"Refugees are able to get business permits, but they are more difficult to acquire for refugees than for citizens due to higher fees, longer wait times, sector limitations, etc.",1,"Registration status of small businesses is often checked by authorities throughout the country (including in camps, if applicable), and expected punishments are a significant deterrent.",0,The situation is the same for refugees.,4,The situation is between 3 and 5.,4,The situation is between 3 and 5.,0,The situation is the same for refugees.,3,"Recourse for workplace violations is available, but bureaucratic or practical barriers prevent many refugees from accessing it (i.e. waiting times, fear of deportation).",3,"More difficult to access for refugees than for citizens, but available to refugees",3,"More difficult to access for refugees than for citizens, but available to refugees",3,"More difficult to access for refugees than for citizens, but available to refugees",3,"More difficult to access for refugees than for citizens, but available to refugees",3,Neutral,2,The situation is between 1 and 3.,2,The situation is between 1 and 3.,2,1,3,4
Pakistan,PAK,3,2,3,0,,,0,,1,0,,1,Formal work authorization is rarely given for refugees.,3,"Documentation status of employees is sometimes checked by government authorities, and expected punishments are moderate.",0,The situation is the same for refugees.,1,"Business permits are easy to obtain for citizens but rarely, if ever, given to refugees.",5,Registration status of small businesses is rarely checked by authorities.,0,The situation is the same for refugees.,4,The situation is between 3 and 5.,5,"Refugees can live wherever citizens live in practice, and assistance does not depend on place of residence.",1,The situation has improved for refugees.,3,"Recourse for workplace violations is available, but bureaucratic or practical barriers prevent many refugees from accessing it (i.e. waiting times, fear of deportation).",4,The situation is between 3 and 5.,4,The situation is between 3 and 5.,3,"More difficult to access for refugees than for citizens, but available to refugees",4,The situation is between 3 and 5.,2,The situation is between 1 and 3.,4,The situation is between 3 and 5.,3,"More difficult to access for refugees than for citizens, but available to refugees",3,2,4,4.5
Panama,PAN,4,5,3,1,0,,1,0,1,0,,3,"Some refugees have work permits, but they are unaffordable for many, the wait time is substantial, and/or the sectors are limited.",1,"Documentation status of employees is often checked by government authorities, and expected punishments are a significant deterrent.",-1,The situation has worsened for refugees.,3,"Refugees are able to get business permits, but they are more difficult to acquire for refugees than for citizens due to higher fees, longer wait times, sector limitations, etc.",1,"Registration status of small businesses is often checked by authorities throughout the country (including in camps, if applicable), and expected punishments are a significant deterrent.",0,The situation is the same for refugees.,4,The situation is between 3 and 5.,4,The situation is between 3 and 5.,0,The situation is the same for refugees.,3,"Recourse for workplace violations is available, but bureaucratic or practical barriers prevent many refugees from accessing it (i.e. waiting times, fear of deportation).",4,The situation is between 3 and 5.,4,The situation is between 3 and 5.,2,The situation is between 1 and 3.,,,2,The situation is between 1 and 3.,2,The situation is between 1 and 3.,2,The situation is between 1 and 3.,3,3,3,4
Peru,PER,3,4,3,1,0,,1,0,1,0,,3,"Some refugees have work permits, but they are unaffordable for many, the wait time is substantial, and/or the sectors are limited.",3,"Documentation status of employees is sometimes checked by government authorities, and expected punishments are moderate.",-1,The situation has worsened for refugees.,3,"Refugees are able to get business permits, but they are more difficult to acquire for refugees than for citizens due to higher fees, longer wait times, sector limitations, etc.",3,"Registration status of small businesses is sometimes checked by authorities, or checked only in some places, and expected punishments are moderate.",-1,The situation has worsened for refugees.,4,The situation is between 3 and 5.,5,"Refugees can live wherever citizens live in practice, and assistance does not depend on place of residence.",0,The situation is the same for refugees.,3,"Recourse for workplace violations is available, but bureaucratic or practical barriers prevent many refugees from accessing it (i.e. waiting times, fear of deportation).",3,"More difficult to access for refugees than for citizens, but available to refugees",3,"More difficult to access for refugees than for citizens, but available to refugees",1,"Easy to obtain for citizens, but rarely accessible to refugees.",2,The situation is between 1 and 3.,2,The situation is between 1 and 3.,2,The situation is between 1 and 3.,3,"More difficult to access for refugees than for citizens, but available to refugees",3,3,3,4.5
Portugal,PRT,4,5,4,1,0,,1,0,1,0,,4,The situation is between 3 and 5.,3,"Documentation status of employees is sometimes checked by government authorities, and expected punishments are moderate.",1,The situation has improved for refugees.,4,The situation is between 3 and 5.,1,"Registration status of small businesses is often checked by authorities throughout the country (including in camps, if applicable), and expected punishments are a significant deterrent.",0,The situation is the same for refugees.,5,Refugees travel freely in practice without interference from the government.,5,"Refugees can live wherever citizens live in practice, and assistance does not depend on place of residence.",0,The situation is the same for refugees.,5,"Yes, refugees can access recourse for workplace violations regardless of legal status.",5,Equally accessible for refugees and citizens in practice.,5,Equally accessible for refugees and citizens in practice.,3,"More difficult to access for refugees than for citizens, but available to refugees",4,The situation is between 3 and 5.,4,The situation is between 3 and 5.,2,The situation is between 1 and 3.,4,The situation is between 3 and 5.,4,4,4,5
Rwanda,RWA,4,5,4,1,1,26,1,0,1,0,,4,The situation is between 3 and 5.,3,"Documentation status of employees is sometimes checked by government authorities, and expected punishments are moderate.",1,The situation has improved for refugees.,5,Business permits are equally attainable for refugees and citizens in practice.,2,The situation is between 1 and 3.,1,The situation has improved for refugees.,4,The situation is between 3 and 5.,4,The situation is between 3 and 5.,1,The situation has improved for refugees.,5,"Yes, refugees can access recourse for workplace violations regardless of legal status.",5,Equally accessible for refugees and citizens in practice.,5,Equally accessible for refugees and citizens in practice.,5,Equally accessible for refugees and citizens in practice.,5,Equally accessible for refugees and citizens in practice.,5,Very Easily,,,5,Equally accessible for refugees and citizens in practice.,4.5,4,5,4
Serbia,SRB,3,4,3,1,0,,1,0,1,0,,3,"Some refugees have work permits, but they are unaffordable for many, the wait time is substantial, and/or the sectors are limited.",3,"Documentation status of employees is sometimes checked by government authorities, and expected punishments are moderate.",0,The situation is the same for refugees.,3,"Refugees are able to get business permits, but they are more difficult to acquire for refugees than for citizens due to higher fees, longer wait times, sector limitations, etc.",2,The situation is between 1 and 3.,0,The situation is the same for refugees.,2,The situation is between 1 and 3.,3,"Some refugees can live wherever citizens live, while other refugees are restricted in practice.",-1,The situation has worsened for refugees.,3,"Recourse for workplace violations is available, but bureaucratic or practical barriers prevent many refugees from accessing it (i.e. waiting times, fear of deportation).",5,Equally accessible for refugees and citizens in practice.,4,The situation is between 3 and 5.,2,The situation is between 1 and 3.,3,"More difficult to access for refugees than for citizens, but available to refugees",2,The situation is between 1 and 3.,2,The situation is between 1 and 3.,3,"More difficult to access for refugees than for citizens, but available to refugees",3,3,3,2.5
South Sudan,SSD,4,3,3,1,0,,1,0,0,,,3,"Some refugees have work permits, but they are unaffordable for many, the wait time is substantial, and/or the sectors are limited.",3,"Documentation status of employees is sometimes checked by government authorities, and expected punishments are moderate.",-1,The situation has worsened for refugees.,3,"Refugees are able to get business permits, but they are more difficult to acquire for refugees than for citizens due to higher fees, longer wait times, sector limitations, etc.",3,"Registration status of small businesses is sometimes checked by authorities, or checked only in some places, and expected punishments are moderate.",0,The situation is the same for refugees.,4,The situation is between 3 and 5.,5,"Refugees can live wherever citizens live in practice, and assistance does not depend on place of residence.",1,The situation has improved for refugees.,3,"Recourse for workplace violations is available, but bureaucratic or practical barriers prevent many refugees from accessing it (i.e. waiting times, fear of deportation).",4,The situation is between 3 and 5.,4,The situation is between 3 and 5.,3,"More difficult to access for refugees than for citizens, but available to refugees",3,"More difficult to access for refugees than for citizens, but available to refugees",3,Neutral,3,Neutral,3,"More difficult to access for refugees than for citizens, but available to refugees",3,3,3,4.5
Spain,ESP,3,4,4,1,1,26,1,0,1,0,,4,The situation is between 3 and 5.,2,The situation is between 1 and 3.,0,The situation is the same for refugees.,4,The situation is between 3 and 5.,2,The situation is between 1 and 3.,0,The situation is the same for refugees.,4,The situation is between 3 and 5.,3,"Some refugees can live wherever citizens live, while other refugees are restricted in practice.",0,The situation is the same for refugees.,5,"Yes, refugees can access recourse for workplace violations regardless of legal status.",5,Equally accessible for refugees and citizens in practice.,5,Equally accessible for refugees and citizens in practice.,3,"More difficult to access for refugees than for citizens, but available to refugees",3,"More difficult to access for refugees than for citizens, but available to refugees",3,Neutral,2,The situation is between 1 and 3.,3,"More difficult to access for refugees than for citizens, but available to refugees",4,4,4,3.5
Sudan,SDN,4,3,2,1,1,26,1,0,1,0,,1,Formal work authorization is rarely given for refugees.,2,The situation is between 1 and 3.,0,The situation is the same for refugees.,1,"Business permits are easy to obtain for citizens but rarely, if ever, given to refugees.",3,"Registration status of small businesses is sometimes checked by authorities, or checked only in some places, and expected punishments are moderate.",1,The situation has improved for refugees.,2,The situation is between 1 and 3.,3,"Some refugees can live wherever citizens live, while other refugees are restricted in practice.",0,The situation is the same for refugees.,3,"Recourse for workplace violations is available, but bureaucratic or practical barriers prevent many refugees from accessing it (i.e. waiting times, fear of deportation).",4,The situation is between 3 and 5.,4,The situation is between 3 and 5.,3,"More difficult to access for refugees than for citizens, but available to refugees",3,"More difficult to access for refugees than for citizens, but available to refugees",2,The situation is between 1 and 3.,4,The situation is between 3 and 5.,2,The situation is between 1 and 3.,1.5,1,2,2.5
Switzerland,CHE,4,4,4,1,0,,1,0,1,0,,4,The situation is between 3 and 5.,2,The situation is between 1 and 3.,1,The situation has improved for refugees.,4,The situation is between 3 and 5.,2,The situation is between 1 and 3.,0,The situation is the same for refugees.,4,The situation is between 3 and 5.,3,"Some refugees can live wherever citizens live, while other refugees are restricted in practice.",-1,The situation has worsened for refugees.,3,"Recourse for workplace violations is available, but bureaucratic or practical barriers prevent many refugees from accessing it (i.e. waiting times, fear of deportation).",5,Equally accessible for refugees and citizens in practice.,4,The situation is between 3 and 5.,3,"More difficult to access for refugees than for citizens, but available to refugees",3,"More difficult to access for refugees than for citizens, but available to refugees",4,The situation is between 3 and 5.,3,Neutral,4,The situation is between 3 and 5.,4,4,4,3.5
Tanzania,TZA,3,3,1,1,0,,1,0,1,0,,1,Formal work authorization is rarely given for refugees.,2,The situation is between 1 and 3.,-1,The situation has worsened for refugees.,1,"Business permits are easy to obtain for citizens but rarely, if ever, given to refugees.",1,"Registration status of small businesses is often checked by authorities throughout the country (including in camps, if applicable), and expected punishments are a significant deterrent.",-1,The situation has worsened for refugees.,1,"Refugees cannot leave their neighborhood or camp, and permits to travel are nearly impossible to obtain.",1,Refugees cannot live outside of a few designated areas.,-1,The situation has worsened for refugees.,1,"No, refugees cannot access recourse for workplace violations.",2,The situation is between 1 and 3.,1,"Easy to obtain for citizens, but rarely accessible to refugees.",1,"Easy to obtain for citizens, but rarely accessible to refugees.",2,The situation is between 1 and 3.,1,Very Difficult,1,Very Difficult,1,"Easy to obtain for citizens, but rarely accessible to refugees.",1,1,1,1
Thailand,THA,6,1,2,0,,,0,,1,0,,1,Formal work authorization is rarely given for refugees.,1,"Documentation status of employees is often checked by government authorities, and expected punishments are a significant deterrent.",0,The situation is the same for refugees.,1,"Business permits are easy to obtain for citizens but rarely, if ever, given to refugees.",2,The situation is between 1 and 3.,0,The situation is the same for refugees.,3,"Refugees travel, but they are regularly harassed and occasionally arrested by authorities when outside their residence. Alternatively, some refugees travel freely, while others have their movements restricted by camp boundaries, checkpoints by authorities, etc.",3,"Some refugees can live wherever citizens live, while other refugees are restricted in practice.",0,The situation is the same for refugees.,3,"Recourse for workplace violations is available, but bureaucratic or practical barriers prevent many refugees from accessing it (i.e. waiting times, fear of deportation).",3,"More difficult to access for refugees than for citizens, but available to refugees",3,"More difficult to access for refugees than for citizens, but available to refugees",1,"Easy to obtain for citizens, but rarely accessible to refugees.",3,"More difficult to access for refugees than for citizens, but available to refugees",,,1,Very Difficult,1,"Easy to obtain for citizens, but rarely accessible to refugees.",1,1,1,3
Trinidad and Tobago,TTO,4,3,3,1,0,,1,0,1,1,8,2,The situation is between 1 and 3.,2,The situation is between 1 and 3.,1,The situation has improved for refugees.,2,The situation is between 1 and 3.,2,The situation is between 1 and 3.,1,The situation has improved for refugees.,3,"Refugees travel, but they are regularly harassed and occasionally arrested by authorities when outside their residence. Alternatively, some refugees travel freely, while others have their movements restricted by camp boundaries, checkpoints by authorities, etc.",5,"Refugees can live wherever citizens live in practice, and assistance does not depend on place of residence.",0,The situation is the same for refugees.,3,"Recourse for workplace violations is available, but bureaucratic or practical barriers prevent many refugees from accessing it (i.e. waiting times, fear of deportation).",1,"Easy to obtain for citizens, but rarely accessible to refugees.",1,"Easy to obtain for citizens, but rarely accessible to refugees.",1,"Easy to obtain for citizens, but rarely accessible to refugees.",3,"More difficult to access for refugees than for citizens, but available to refugees",2,The situation is between 1 and 3.,1,Very Difficult,2,The situation is between 1 and 3.,2,2,2,4
Turkey,TUR,3,4,3,1,0,,1,0,1,0,,3,"Some refugees have work permits, but they are unaffordable for many, the wait time is substantial, and/or the sectors are limited.",3,"Documentation status of employees is sometimes checked by government authorities, and expected punishments are moderate.",1,The situation has improved for refugees.,3,"Refugees are able to get business permits, but they are more difficult to acquire for refugees than for citizens due to higher fees, longer wait times, sector limitations, etc.",3,"Registration status of small businesses is sometimes checked by authorities, or checked only in some places, and expected punishments are moderate.",0,The situation is the same for refugees.,2,The situation is between 1 and 3.,3,"Some refugees can live wherever citizens live, while other refugees are restricted in practice.",0,The situation is the same for refugees.,3,"Recourse for workplace violations is available, but bureaucratic or practical barriers prevent many refugees from accessing it (i.e. waiting times, fear of deportation).",5,Equally accessible for refugees and citizens in practice.,5,Equally accessible for refugees and citizens in practice.,4,The situation is between 3 and 5.,3,"More difficult to access for refugees than for citizens, but available to refugees",4,The situation is between 3 and 5.,2,The situation is between 1 and 3.,3,"More difficult to access for refugees than for citizens, but available to refugees",3,3,3,2.5
Uganda,UGA,5,5,4,1,1,"13, 17",1,0,1,0,,4,The situation is between 3 and 5.,4,The situation is between 3 and 5.,0,The situation is the same for refugees.,4,The situation is between 3 and 5.,4,The situation is between 3 and 5.,0,The situation is the same for refugees.,5,Refugees travel freely in practice without interference from the government.,4,The situation is between 3 and 5.,0,The situation is the same for refugees.,3,"Recourse for workplace violations is available, but bureaucratic or practical barriers prevent many refugees from accessing it (i.e. waiting times, fear of deportation).",4,The situation is between 3 and 5.,4,The situation is between 3 and 5.,3,"More difficult to access for refugees than for citizens, but available to refugees",4,The situation is between 3 and 5.,3,Neutral,3,Neutral,3,"More difficult to access for refugees than for citizens, but available to refugees",4,4,4,4.5
United States of America,USA,5,4,4,0,,,1,0,0,0,,3,"Some refugees have work permits, but they are unaffordable for many, the wait time is substantial, and/or the sectors are limited.",3,"Documentation status of employees is sometimes checked by government authorities, and expected punishments are moderate.",-1,The situation has worsened for refugees.,5,Business permits are equally attainable for refugees and citizens in practice.,3,"Registration status of small businesses is sometimes checked by authorities, or checked only in some places, and expected punishments are moderate.",1,The situation has improved for refugees.,5,Refugees travel freely in practice without interference from the government.,5,"Refugees can live wherever citizens live in practice, and assistance does not depend on place of residence.",0,The situation is the same for refugees.,3,"Recourse for workplace violations is available, but bureaucratic or practical barriers prevent many refugees from accessing it (i.e. waiting times, fear of deportation).",5,Equally accessible for refugees and citizens in practice.,4,The situation is between 3 and 5.,3,"More difficult to access for refugees than for citizens, but available to refugees",3,"More difficult to access for refugees than for citizens, but available to refugees",3,Neutral,2,The situation is between 1 and 3.,3,"More difficult to access for refugees than for citizens, but available to refugees",4,3,5,5
